PERIODO,ENTIDAD,MINIMA,MEDIA,MAXIMA,PRECIPITACION
1985-01-01T00:00:00,Estado de México,3,11.8,20.6,3.5
1985-02-01T00:00:00,Estado de México,3.9,13,22.1,2.5
1985-03-01T00:00:00,Estado de México,4.9,14.4,23.8,10.7
1985-04-01T00:00:00,Estado de México,7.7,16.1,24.6,31.6
1985-05-01T00:00:00,Estado de México,9.1,16.8,24.5,54.3
1985-06-01T00:00:00,Estado de México,10.2,16,21.9,200.4
1985-07-01T00:00:00,Estado de México,9.2,15.3,21.4,140.4
1985-08-01T00:00:00,Estado de México,9.1,15.5,21.8,153.2
1985-09-01T00:00:00,Estado de México,8.9,15.5,22.2,121.5
1985-10-01T00:00:00,Estado de México,7.8,14.9,22,35.2
1985-11-01T00:00:00,Estado de México,5.8,13.9,22.1,17.4
1985-12-01T00:00:00,Estado de México,4.5,12.7,20.9,6.3
1986-01-01T00:00:00,Estado de México,2.6,11.8,21.1,0.1
1986-02-01T00:00:00,Estado de México,3.9,13,22.2,1.5
1986-03-01T00:00:00,Estado de México,4.7,14,23.3,1.9
1986-04-01T00:00:00,Estado de México,7.5,16.2,24.8,37.7
1986-05-01T00:00:00,Estado de México,9,16.8,24.6,95.1
1986-06-01T00:00:00,Estado de México,10.2,16.3,22.4,176.7
1986-07-01T00:00:00,Estado de México,9.7,15.7,21.8,117.1
1986-08-01T00:00:00,Estado de México,9.5,15.9,22.4,111.3
1986-09-01T00:00:00,Estado de México,9.6,16.3,23,90.1
1986-10-01T00:00:00,Estado de México,7,14.6,22.2,47.3
1986-11-01T00:00:00,Estado de México,6,14.1,22.2,12.7
1986-12-01T00:00:00,Estado de México,4.6,13.1,21.6,7.8
1987-01-01T00:00:00,Estado de México,2.9,12.2,21.5,1.5
1987-02-01T00:00:00,Estado de México,4.6,13.6,22.6,4.7
1987-03-01T00:00:00,Estado de México,6.1,14.6,23.1,10.4
1987-04-01T00:00:00,Estado de México,7.7,16.3,25,25.6
1987-05-01T00:00:00,Estado de México,8.8,17.4,26,41.1
1987-06-01T00:00:00,Estado de México,10.3,16.8,23.3,149.1
1987-07-01T00:00:00,Estado de México,10.4,16.3,22.1,220.9
1987-08-01T00:00:00,Estado de México,10.2,16.3,22.5,158.7
1987-09-01T00:00:00,Estado de México,9.5,16.1,22.8,107.1
1987-10-01T00:00:00,Estado de México,6.7,14.5,22.3,7.9
1987-11-01T00:00:00,Estado de México,5,13.8,22.6,12.8
1987-12-01T00:00:00,Estado de México,4.3,13.1,21.9,1.4
1988-01-01T00:00:00,Estado de México,3.2,12.5,21.7,2.2
1988-02-01T00:00:00,Estado de México,4.4,13.5,22.7,4.6
1988-03-01T00:00:00,Estado de México,5.4,14.3,23.3,31.7
1988-04-01T00:00:00,Estado de México,7.2,16.2,25.2,8.5
1988-05-01T00:00:00,Estado de México,8.8,17.6,26.3,25.3
1988-06-01T00:00:00,Estado de México,10.2,17,23.8,159.8
1988-07-01T00:00:00,Estado de México,10,16.1,22.2,207
1988-08-01T00:00:00,Estado de México,10.2,16.1,22.1,214
1988-09-01T00:00:00,Estado de México,9.5,15.4,21.4,161.2
1988-10-01T00:00:00,Estado de México,7.2,14.6,22,30.1
1988-11-01T00:00:00,Estado de México,5.3,14,22.8,10.5
1988-12-01T00:00:00,Estado de México,4,12.4,20.9,1.7
1989-01-01T00:00:00,Estado de México,3.6,12.5,21.5,0.9
1989-02-01T00:00:00,Estado de México,4,12.8,21.6,1.6
1989-03-01T00:00:00,Estado de México,4.9,14,23.2,1.7
1989-04-01T00:00:00,Estado de México,6.9,15.7,24.5,10
1989-05-01T00:00:00,Estado de México,8.8,16.8,24.8,56.1
1989-06-01T00:00:00,Estado de México,9.7,16.4,23.2,111.4
1989-07-01T00:00:00,Estado de México,9.5,15.5,21.4,124.9
1989-08-01T00:00:00,Estado de México,9.7,15.6,21.5,213.1
1989-09-01T00:00:00,Estado de México,9.5,15.2,20.9,136.6
1989-10-01T00:00:00,Estado de México,7.6,14.5,21.4,58.3
1989-11-01T00:00:00,Estado de México,5.8,13.9,21.9,23.6
1989-12-01T00:00:00,Estado de México,3.6,12.1,20.6,12.6
1990-01-01T00:00:00,Estado de México,3.4,12.2,21,6.5
1990-02-01T00:00:00,Estado de México,4.3,12.9,21.6,9.8
1990-03-01T00:00:00,Estado de México,5.5,14.9,24.4,12.9
1990-04-01T00:00:00,Estado de México,7.5,16.4,25.4,27.3
1990-05-01T00:00:00,Estado de México,8.9,16.9,24.9,88.5
1990-06-01T00:00:00,Estado de México,9.4,16.1,22.9,154.4
1990-07-01T00:00:00,Estado de México,9.4,15.1,20.9,273.6
1990-08-01T00:00:00,Estado de México,9.1,15.4,21.7,216.6
1990-09-01T00:00:00,Estado de México,9.1,15,20.9,187.5
1990-10-01T00:00:00,Estado de México,8.1,14.5,20.8,114.8
1990-11-01T00:00:00,Estado de México,5.4,13.2,21,13
1990-12-01T00:00:00,Estado de México,3.7,12.2,20.7,10.4
1991-01-01T00:00:00,Estado de México,3.7,11.7,19.8,11.2
1991-02-01T00:00:00,Estado de México,3.8,12.5,21.2,2.9
1991-03-01T00:00:00,Estado de México,5.6,15.2,24.9,0
1991-04-01T00:00:00,Estado de México,7.1,15.9,24.8,11.5
1991-05-01T00:00:00,Estado de México,8.3,16.1,24,42.8
1991-06-01T00:00:00,Estado de México,9.2,16.2,23.2,183.5
1991-07-01T00:00:00,Estado de México,9,15.2,21.4,258.7
1991-08-01T00:00:00,Estado de México,8.9,15.3,21.8,147.6
1991-09-01T00:00:00,Estado de México,8.9,14.9,21,161.4
1991-10-01T00:00:00,Estado de México,7.6,14.1,20.6,106.1
1991-11-01T00:00:00,Estado de México,5.3,12.8,20.3,24.4
1991-12-01T00:00:00,Estado de México,4,12.3,20.7,12.5
1992-01-01T00:00:00,Estado de México,4.1,11.8,19.6,42.6
1992-02-01T00:00:00,Estado de México,3.5,12.4,21.3,27.9
1992-03-01T00:00:00,Estado de México,5.2,14.3,23.5,17.9
1992-04-01T00:00:00,Estado de México,6.6,15.2,23.9,16.2
1992-05-01T00:00:00,Estado de México,7.7,15.6,23.5,112.4
1992-06-01T00:00:00,Estado de México,9.2,16.3,23.3,67.3
1992-07-01T00:00:00,Estado de México,9,15.3,21.6,131.7
1992-08-01T00:00:00,Estado de México,9,15.3,21.5,175.6
1992-09-01T00:00:00,Estado de México,9.1,15,21,244
1992-10-01T00:00:00,Estado de México,7.2,14.1,21.1,108.8
1992-11-01T00:00:00,Estado de México,5.5,13.2,20.9,42.5
1992-12-01T00:00:00,Estado de México,3.3,12.2,21,5.2
1993-01-01T00:00:00,Estado de México,3.4,12.1,20.8,8.2
1993-02-01T00:00:00,Estado de México,4,13.2,22.5,9.8
1993-03-01T00:00:00,Estado de México,5.3,14.6,23.9,5.1
1993-04-01T00:00:00,Estado de México,7,15.8,24.6,17.9
1993-05-01T00:00:00,Estado de México,8.2,16.6,25.1,14.8
1993-06-01T00:00:00,Estado de México,9.6,16.2,22.9,140.4
1993-07-01T00:00:00,Estado de México,8.9,15.3,21.8,154.4
1993-08-01T00:00:00,Estado de México,9,15.2,21.4,98
1993-09-01T00:00:00,Estado de México,8.8,14.8,20.8,140.1
1993-10-01T00:00:00,Estado de México,7.4,14.4,21.5,18.7
1993-11-01T00:00:00,Estado de México,5.3,13.5,21.8,11
1993-12-01T00:00:00,Estado de México,3.6,12.5,21.4,0
1994-01-01T00:00:00,Estado de México,3.2,12,20.7,3.2
1994-02-01T00:00:00,Estado de México,4.4,13.3,22.1,0.6
1994-03-01T00:00:00,Estado de México,5.6,14.9,24.2,4.6
1994-04-01T00:00:00,Estado de México,7.3,16.1,24.9,41
1994-05-01T00:00:00,Estado de México,9,17.2,25.5,18.8
1994-06-01T00:00:00,Estado de México,9.6,16.2,22.8,83.9
1994-07-01T00:00:00,Estado de México,8.8,15.2,21.7,92.5
1994-08-01T00:00:00,Estado de México,9.5,15.3,21.1,167.9
1994-09-01T00:00:00,Estado de México,8.7,14.9,21.2,96.7
1994-10-01T00:00:00,Estado de México,6.9,14.1,21.4,38.3
1994-11-01T00:00:00,Estado de México,5.3,13.4,21.5,2.6
1994-12-01T00:00:00,Estado de México,4,12.3,20.7,4.4
1995-01-01T00:00:00,Estado de México,2.6,11.6,20.7,15.3
1995-02-01T00:00:00,Estado de México,3.9,13,22.1,9.4
1995-03-01T00:00:00,Estado de México,4.7,14.2,23.6,7.4
1995-04-01T00:00:00,Estado de México,6.6,15.7,24.8,6.3
1995-05-01T00:00:00,Estado de México,8.8,17.2,25.6,70.9
1995-06-01T00:00:00,Estado de México,9.4,16.1,22.8,103.6
1995-07-01T00:00:00,Estado de México,9.1,15.4,21.7,117.6
1995-08-01T00:00:00,Estado de México,9.5,15.4,21.2,137.4
1995-09-01T00:00:00,Estado de México,9.1,15.5,21.8,74.8
1995-10-01T00:00:00,Estado de México,6.8,14.1,21.4,27.4
1995-11-01T00:00:00,Estado de México,4.7,12.9,21.1,27.7
1995-12-01T00:00:00,Estado de México,3.6,11.8,20.1,13.6
1996-01-01T00:00:00,Estado de México,1.9,11.1,20.4,0
1996-02-01T00:00:00,Estado de México,3.9,13.2,22.5,0.4
1996-03-01T00:00:00,Estado de México,5,14.2,23.3,2.3
1996-04-01T00:00:00,Estado de México,6.5,15.1,23.8,19.9
1996-05-01T00:00:00,Estado de México,8,16.2,24.4,25
1996-06-01T00:00:00,Estado de México,9.3,16.2,23.2,91.4
1996-07-01T00:00:00,Estado de México,9.2,15.8,22.5,96.7
1996-08-01T00:00:00,Estado de México,8.8,15.4,22.1,93
1996-09-01T00:00:00,Estado de México,9.1,15.6,22.1,159.4
1996-10-01T00:00:00,Estado de México,7.2,14.3,21.5,64.3
1996-11-01T00:00:00,Estado de México,4.7,13,21.3,1.5
1996-12-01T00:00:00,Estado de México,3.5,12.1,20.7,5.8
1997-01-01T00:00:00,Estado de México,2,11.1,20.3,2
1997-02-01T00:00:00,Estado de México,3.1,12.7,22.3,1
1997-03-01T00:00:00,Estado de México,5.1,14.6,24.1,19.9
1997-04-01T00:00:00,Estado de México,7.1,16.2,25.3,25.3
1997-05-01T00:00:00,Estado de México,7.9,16.9,26,33.7
1997-06-01T00:00:00,Estado de México,9.7,17.3,25,93.6
1997-07-01T00:00:00,Estado de México,9.3,16.1,22.9,129.7
1997-08-01T00:00:00,Estado de México,9,15.8,22.6,96.3
1997-09-01T00:00:00,Estado de México,9.7,15.6,21.6,86.9
1997-10-01T00:00:00,Estado de México,7.8,14.4,21,35.8
1997-11-01T00:00:00,Estado de México,6.1,13.8,21.5,11.6
1997-12-01T00:00:00,Estado de México,3.3,12.1,20.9,4.6
1998-01-01T00:00:00,Estado de México,1.7,11.2,20.7,6.3
1998-02-01T00:00:00,Estado de México,2.6,12.4,22.2,0
1998-03-01T00:00:00,Estado de México,4.8,14.6,24.5,0
1998-04-01T00:00:00,Estado de México,7.2,17,26.9,2
1998-05-01T00:00:00,Estado de México,8,17.6,27.3,3
1998-06-01T00:00:00,Estado de México,9.7,17.4,25.2,81.5
1998-07-01T00:00:00,Estado de México,9.1,15.8,22.5,86.8
1998-08-01T00:00:00,Estado de México,9.4,15.8,22.2,119
1998-09-01T00:00:00,Estado de México,9.4,15.3,21.2,183.9
1998-10-01T00:00:00,Estado de México,7.6,14,20.4,74.9
1998-11-01T00:00:00,Estado de México,4.9,12.9,20.9,15.3
1998-12-01T00:00:00,Estado de México,2.3,11.4,20.4,0.3
1999-01-01T00:00:00,Estado de México,1.5,11.2,20.9,0.1
1999-02-01T00:00:00,Estado de México,3,12.7,22.4,1.6
1999-03-01T00:00:00,Estado de México,5.1,14.6,24.2,5.8
1999-04-01T00:00:00,Estado de México,6.8,16.3,25.8,7.8
1999-05-01T00:00:00,Estado de México,8,16.5,25.1,18.1
1999-06-01T00:00:00,Estado de México,9.4,16.2,23,82.8
1999-07-01T00:00:00,Estado de México,8.5,15.3,22.2,116.2
1999-08-01T00:00:00,Estado de México,8.9,15.3,21.8,172.9
1999-09-01T00:00:00,Estado de México,8.4,14.9,21.4,78.6
1999-10-01T00:00:00,Estado de México,6.6,13.8,21.1,65
1999-11-01T00:00:00,Estado de México,4.3,12.8,21.3,6
1999-12-01T00:00:00,Estado de México,1.7,10.8,19.9,2.3
2000-01-01T00:00:00,Estado de México,1.9,11.4,20.9,0.1
2000-02-01T00:00:00,Estado de México,3.1,12.8,22.4,3.9
2000-03-01T00:00:00,Estado de México,4.5,14.1,23.6,7.8
2000-04-01T00:00:00,Estado de México,6.6,15.9,25.3,7.8
2000-05-01T00:00:00,Estado de México,7.7,15.8,24,84.5
2000-06-01T00:00:00,Estado de México,9.1,15.6,22.1,176
2000-07-01T00:00:00,Estado de México,8.2,15.2,22.2,100.1
2000-08-01T00:00:00,Estado de México,8.4,15.1,21.8,125.5
2000-09-01T00:00:00,Estado de México,8.3,14.9,21.5,99.3
2000-10-01T00:00:00,Estado de México,6.3,13.8,21.4,52.5
2000-11-01T00:00:00,Estado de México,4.4,12.8,21.1,9.1
2000-12-01T00:00:00,Estado de México,2.2,11.1,20.1,1.2
2001-01-01T00:00:00,Estado de México,1.9,11.2,20.6,4.6
2001-02-01T00:00:00,Estado de México,3.5,12.5,21.6,6.2
2001-03-01T00:00:00,Estado de México,4.6,14.1,23.5,16.3
2001-04-01T00:00:00,Estado de México,6.6,15.8,24.9,40.5
2001-05-01T00:00:00,Estado de México,7.4,15.9,24.4,55.1
2001-06-01T00:00:00,Estado de México,8.5,15.5,22.6,143.7
2001-07-01T00:00:00,Estado de México,8.3,15,21.7,146.8
2001-08-01T00:00:00,Estado de México,8.2,15.1,22,153.3
2001-09-01T00:00:00,Estado de México,8.5,14.9,21.2,135
2001-10-01T00:00:00,Estado de México,6.6,14,21.3,34.2
2001-11-01T00:00:00,Estado de México,3.7,11.8,19.9,6.3
2001-12-01T00:00:00,Estado de México,2.5,11.3,20.1,0.9
2002-01-01T00:00:00,Estado de México,1.9,10.9,19.9,12.5
2002-02-01T00:00:00,Estado de México,3.3,12.5,21.8,6.8
2002-03-01T00:00:00,Estado de México,4.9,14.5,24,9.1
2002-04-01T00:00:00,Estado de México,7,16,25.1,26.8
2002-05-01T00:00:00,Estado de México,8.2,16.9,25.7,21.8
2002-06-01T00:00:00,Estado de México,9.2,15.9,22.6,86
2002-07-01T00:00:00,Estado de México,8.8,15.4,22.1,151.1
2002-08-01T00:00:00,Estado de México,8.5,15.3,22.2,87.9
2002-09-01T00:00:00,Estado de México,9.5,15.6,21.8,191.1
2002-10-01T00:00:00,Estado de México,7.9,15,22.1,72.9
2002-11-01T00:00:00,Estado de México,4.9,13.1,21.3,37.2
2002-12-01T00:00:00,Estado de México,1.9,11.1,20.4,0.3
2003-01-01T00:00:00,Estado de México,2.7,11.2,19.8,2.1
2003-02-01T00:00:00,Estado de México,3.1,12.8,22.6,0.7
2003-03-01T00:00:00,Estado de México,5.4,14.7,24.1,5
2003-04-01T00:00:00,Estado de México,7.4,16.2,25.1,14.5
2003-05-01T00:00:00,Estado de México,8.8,17.1,25.5,17.6
2003-06-01T00:00:00,Estado de México,9.9,16.2,22.6,154.7
2003-07-01T00:00:00,Estado de México,9.1,15.9,22.7,130.7
2003-08-01T00:00:00,Estado de México,9.1,16.1,23,141.8
2003-09-01T00:00:00,Estado de México,10,16.2,22.5,161
2003-10-01T00:00:00,Estado de México,8.6,15.7,22.7,65.4
2003-11-01T00:00:00,Estado de México,5.9,14.7,23.6,14.5
2003-12-01T00:00:00,Estado de México,2.7,12.1,21.6,0
2004-01-01T00:00:00,Estado de México,3.3,12.1,20.9,16.1
2004-02-01T00:00:00,Estado de México,4.1,13.5,22.9,0
2004-03-01T00:00:00,Estado de México,6.5,15.5,24.5,0
2004-04-01T00:00:00,Estado de México,8.2,17.2,26.2,11.4
2004-05-01T00:00:00,Estado de México,9.1,17.4,25.8,60.4
2004-06-01T00:00:00,Estado de México,10.5,17.5,24.5,176.9
2004-07-01T00:00:00,Estado de México,9.8,16.7,23.5,119.8
2004-08-01T00:00:00,Estado de México,9.9,16.6,23.3,155.6
2004-09-01T00:00:00,Estado de México,9.6,16.2,22.7,133.6
2004-10-01T00:00:00,Estado de México,8.7,15.7,22.8,70.8
2004-11-01T00:00:00,Estado de México,5.8,14.6,23.4,4.9
2004-12-01T00:00:00,Estado de México,4.4,13.3,22.2,1.6
2005-01-01T00:00:00,Estado de México,2.9,12.1,21.4,9.4
2005-02-01T00:00:00,Estado de México,4.9,14,23.1,3.4
2005-03-01T00:00:00,Estado de México,6.7,16,25.4,4.5
2005-04-01T00:00:00,Estado de México,8.9,18.1,27.3,8.9
2005-05-01T00:00:00,Estado de México,9.8,17.9,26,16.3
2005-06-01T00:00:00,Estado de México,10.8,17.9,25.1,58.2
2005-07-01T00:00:00,Estado de México,10.3,16.8,23.3,145.5
2005-08-01T00:00:00,Estado de México,10.2,16.3,22.5,149.8
2005-09-01T00:00:00,Estado de México,9.9,16.3,22.7,71.6
2005-10-01T00:00:00,Estado de México,8.9,15.6,22.4,72.4
2005-11-01T00:00:00,Estado de México,5.1,13.2,21.3,8
2005-12-01T00:00:00,Estado de México,3.6,12.3,21.1,1.1
2006-01-01T00:00:00,Estado de México,3.3,12.2,21.1,3.1
2006-02-01T00:00:00,Estado de México,4.4,13.5,22.7,1.6
2006-03-01T00:00:00,Estado de México,6,15.4,24.7,6.8
2006-04-01T00:00:00,Estado de México,8.2,17,25.7,24.6
2006-05-01T00:00:00,Estado de México,9.6,17.2,24.9,76.1
2006-06-01T00:00:00,Estado de México,9.6,16.8,23.9,67.3
2006-07-01T00:00:00,Estado de México,10,16.3,22.6,137.9
2006-08-01T00:00:00,Estado de México,9.9,16,22.1,170.4
2006-09-01T00:00:00,Estado de México,9.8,16,22.1,124.6
2006-10-01T00:00:00,Estado de México,7.3,14.2,21.2,74.1
2006-11-01T00:00:00,Estado de México,4,12.3,20.7,31.9
2006-12-01T00:00:00,Estado de México,3.1,11.7,20.3,0.7
2007-01-01T00:00:00,Estado de México,3.6,12.1,20.7,5
2007-02-01T00:00:00,Estado de México,4,13.3,22.6,13.3
2007-03-01T00:00:00,Estado de México,5.6,14.5,23.4,17
2007-04-01T00:00:00,Estado de México,8.3,16.7,25.1,28.5
2007-05-01T00:00:00,Estado de México,9.2,17,24.8,55.7
2007-06-01T00:00:00,Estado de México,9.4,16.4,23.4,125
2007-07-01T00:00:00,Estado de México,9.7,15.8,22,206.8
2007-08-01T00:00:00,Estado de México,10.1,16.4,22.7,184.3
2007-09-01T00:00:00,Estado de México,9.8,15.7,21.6,163.9
2007-10-01T00:00:00,Estado de México,6.5,13.6,20.8,65.9
2007-11-01T00:00:00,Estado de México,3.2,12.1,21,8.8
2007-12-01T00:00:00,Estado de México,2.9,11.7,20.5,2.1
2008-01-01T00:00:00,Estado de México,2.7,11.3,19.9,0.2
2008-02-01T00:00:00,Estado de México,3.8,13.2,22.7,1.1
2008-03-01T00:00:00,Estado de México,5.4,14.6,23.8,1.9
2008-04-01T00:00:00,Estado de México,8.2,17,25.9,32.1
2008-05-01T00:00:00,Estado de México,9.2,16.9,24.7,25.9
2008-06-01T00:00:00,Estado de México,9.9,16.5,23.2,154.1
2008-07-01T00:00:00,Estado de México,9.4,15.5,21.6,158.7
2008-08-01T00:00:00,Estado de México,10.1,16.5,22.8,171.9
2008-09-01T00:00:00,Estado de México,10.3,15.6,20.9,99.4
2008-10-01T00:00:00,Estado de México,8.3,14.8,21.4,34.3
2008-11-01T00:00:00,Estado de México,4.1,12.3,20.5,0
2008-12-01T00:00:00,Estado de México,3,11.5,20,0
2009-01-01T00:00:00,Estado de México,2.8,10.2,17.7,10
2009-02-01T00:00:00,Estado de México,3.9,12.2,20.5,5.2
2009-03-01T00:00:00,Estado de México,5.4,14.5,23.7,9.8
2009-04-01T00:00:00,Estado de México,7.4,16.3,25.3,3.6
2009-05-01T00:00:00,Estado de México,9.3,17.3,25.4,57.3
2009-06-01T00:00:00,Estado de México,9.9,17.1,24.3,108.6
2009-07-01T00:00:00,Estado de México,9.9,15.7,21.5,98.6
2009-08-01T00:00:00,Estado de México,9.8,15.9,22,123
2009-09-01T00:00:00,Estado de México,9.8,15.2,20.6,216.1
2009-10-01T00:00:00,Estado de México,7.1,14.3,21.5,87.7
2009-11-01T00:00:00,Estado de México,3.8,12.2,20.6,1.7
2009-12-01T00:00:00,Estado de México,2.7,11.4,20.2,4.1
2010-01-01T00:00:00,Estado de México,3,10.6,18.2,35.1
2010-02-01T00:00:00,Estado de México,4.4,12.3,20.2,124.3
2010-03-01T00:00:00,Estado de México,5.3,14.4,23.4,0.4
2010-04-01T00:00:00,Estado de México,7.6,16.2,24.9,12.3
2010-05-01T00:00:00,Estado de México,9.7,18.1,26.5,22.8
2010-06-01T00:00:00,Estado de México,9.5,16.6,23.8,89.7
2010-07-01T00:00:00,Estado de México,10.1,15.5,20.9,243.7
2010-08-01T00:00:00,Estado de México,9.3,15.3,21.3,161.5
2010-09-01T00:00:00,Estado de México,8.6,14.6,20.6,114.3
2010-10-01T00:00:00,Estado de México,5.4,13.1,20.8,3.8
2010-11-01T00:00:00,Estado de México,4,12.3,20.6,1.8
2010-12-01T00:00:00,Estado de México,2.1,11.3,20.5,0
2011-01-01T00:00:00,Estado de México,3,11.2,19.5,0.7
2011-02-01T00:00:00,Estado de México,5.2,12.8,20.5,0.3
2011-03-01T00:00:00,Estado de México,5.6,14.5,23.4,2.2
2011-04-01T00:00:00,Estado de México,7.2,15.6,24,20.8
2011-05-01T00:00:00,Estado de México,9.5,17.6,25.7,24.7
2011-06-01T00:00:00,Estado de México,9.6,16,22.5,131.9
2011-07-01T00:00:00,Estado de México,10,15.7,21.4,221
2011-08-01T00:00:00,Estado de México,9.8,15.8,21.7,116.9
2011-09-01T00:00:00,Estado de México,9.3,15.5,21.8,63.5
2011-10-01T00:00:00,Estado de México,6.5,14,21.5,59.1
2011-11-01T00:00:00,Estado de México,5.3,12.7,20.2,16.2
2011-12-01T00:00:00,Estado de México,3.6,12.3,21.1,0.3
2012-01-01T00:00:00,Estado de México,3.9,11.8,19.7,3.6
2012-02-01T00:00:00,Estado de México,5.2,13.3,21.4,33.6
2012-03-01T00:00:00,Estado de México,5.8,14.7,23.6,14.4
2012-04-01T00:00:00,Estado de México,7.2,15.9,24.7,9
2012-05-01T00:00:00,Estado de México,9.1,17.3,25.5,20.1
2012-06-01T00:00:00,Estado de México,10.5,17.1,23.7,130.1
2012-07-01T00:00:00,Estado de México,10.5,16.5,22.6,180.7
2012-08-01T00:00:00,Estado de México,10.6,16.6,22.6,130.9
2012-09-01T00:00:00,Estado de México,11.1,16.8,22.6,78.2
2012-10-01T00:00:00,Estado de México,8.1,15.4,22.7,14.8
2012-11-01T00:00:00,Estado de México,5.8,13,20.3,12.5
2012-12-01T00:00:00,Estado de México,4.5,12.9,21.4,0.6
2013-01-01T00:00:00,Estado de México,4.6,12.8,21,4.1
2013-02-01T00:00:00,Estado de México,4.7,14.4,24,0.9
2013-03-01T00:00:00,Estado de México,5.5,14.8,24.1,7.7
2013-04-01T00:00:00,Estado de México,7.8,17.2,26.6,11.9
2013-05-01T00:00:00,Estado de México,9.4,17.9,26.3,56.9
2013-06-01T00:00:00,Estado de México,10.9,17.9,24.8,124.2
2013-07-01T00:00:00,Estado de México,10.6,17,23.3,161.1
2013-08-01T00:00:00,Estado de México,10.4,16.7,23,133
2013-09-01T00:00:00,Estado de México,11.2,16.7,22.1,221.9
2013-10-01T00:00:00,Estado de México,8.9,15.7,22.6,71.7
2013-11-01T00:00:00,Estado de México,6.4,13.5,20.6,42.1
2013-12-01T00:00:00,Estado de México,4.7,12.7,20.7,7.6
2014-01-01T00:00:00,Estado de México,2.3,10.9,19.5,3.1
2014-02-01T00:00:00,Estado de México,3.9,13.6,23.4,2.9
2014-03-01T00:00:00,Estado de México,6,15.2,24.5,6.1
2014-04-01T00:00:00,Estado de México,7.6,16.4,25.1,17.9
2014-05-01T00:00:00,Estado de México,8.6,16.1,23.5,111.2
2014-06-01T00:00:00,Estado de México,8.6,16.1,23.5,183.5
2014-07-01T00:00:00,Estado de México,9.4,15.8,22.2,142.5
2014-08-01T00:00:00,Estado de México,9.1,15.9,22.6,134.1
2014-09-01T00:00:00,Estado de México,10,16,22,148.2
2014-10-01T00:00:00,Estado de México,8,14.8,21.7,104.1
2014-11-01T00:00:00,Estado de México,5.5,13.5,21.4,11.1
2014-12-01T00:00:00,Estado de México,4.2,12.5,20.8,20
2015-01-01T00:00:00,Estado de México,3.3,11.8,20.4,1.8
2015-02-01T00:00:00,Estado de México,3.9,12.6,21.4,11.4
2015-03-01T00:00:00,Estado de México,6.1,14,21.8,61.5
2015-04-01T00:00:00,Estado de México,7.7,16.2,24.6,15.9
2015-05-01T00:00:00,Estado de México,8.9,16.3,23.7,128.7
2015-06-01T00:00:00,Estado de México,9.9,16.1,22.4,128.1
2015-07-01T00:00:00,Estado de México,9.3,15.9,22.4,141
2015-08-01T00:00:00,Estado de México,9.3,16.2,23.1,117
2015-09-01T00:00:00,Estado de México,10.1,16.1,22.1,168.2
2015-10-01T00:00:00,Estado de México,8.2,15.1,22,57.3
2015-11-01T00:00:00,Estado de México,7.1,14.6,22.1,17.5
2015-12-01T00:00:00,Estado de México,5.3,13.2,21.2,10.2
2016-01-01T00:00:00,Estado de México,2.6,11.2,19.8,14.2
2016-02-01T00:00:00,Estado de México,2.7,12.6,22.5,5.8
2016-03-01T00:00:00,Estado de México,5.7,14.4,23.1,37.4
2016-04-01T00:00:00,Estado de México,7.8,17,26.2,18.5
2016-05-01T00:00:00,Estado de México,9.8,18.3,26.9,76.7
2016-06-01T00:00:00,Estado de México,10.1,16.6,23,169.8
2016-07-01T00:00:00,Estado de México,10,16.5,23.1,171.2
2016-08-01T00:00:00,Estado de México,10,16.8,23.5,200.3
2016-09-01T00:00:00,Estado de México,9.7,16.2,22.8,140.4
2016-10-01T00:00:00,Estado de México,7.7,15.1,22.5,31.7
2016-11-01T00:00:00,Estado de México,5.6,13,20.4,45.3
2016-12-01T00:00:00,Estado de México,5.5,14.1,22.6,3.5
2017-01-01T00:00:00,Estado de México,1.8,12.3,22.8,0.1
2017-02-01T00:00:00,Estado de México,3,13.1,23.1,1.1
2017-03-01T00:00:00,Estado de México,5.1,14.3,23.4,17
2017-04-01T00:00:00,Estado de México,6.5,15.9,25.2,14.3
2017-05-01T00:00:00,Estado de México,9.7,18.2,26.7,86.6
2017-06-01T00:00:00,Estado de México,9.9,17.4,25,119.7
2017-07-01T00:00:00,Estado de México,9.7,16.2,22.7,174.5
2017-08-01T00:00:00,Estado de México,10.1,16.8,23.5,209.5
2017-09-01T00:00:00,Estado de México,9.6,15.9,22.1,186.3
2017-10-01T00:00:00,Estado de México,7.9,15.1,22.4,53
2017-11-01T00:00:00,Estado de México,3.3,13.1,22.9,3.3
2017-12-01T00:00:00,Estado de México,2.5,12.7,22.9,0.1
2018-01-01T00:00:00,Estado de México,1.3,11.1,20.8,11.5
2018-02-01T00:00:00,Estado de México,4.9,14,23.1,17.5
2018-03-01T00:00:00,Estado de México,6.2,15.9,25.5,6.8
2018-04-01T00:00:00,Estado de México,7.2,16.2,25.1,41.7
2018-05-01T00:00:00,Estado de México,8.6,17.2,25.7,89.5
2018-06-01T00:00:00,Estado de México,9.9,16.8,23.7,241.2
2018-07-01T00:00:00,Estado de México,8.8,16.4,23.9,112.6
2018-08-01T00:00:00,Estado de México,9.5,16.1,22.7,223.9
2018-09-01T00:00:00,Estado de México,9.7,16.2,22.7,172.2
2018-10-01T00:00:00,Estado de México,9.1,15.6,22.1,112.6
2018-11-01T00:00:00,Estado de México,5.9,13.5,21.1,64.5
2018-12-01T00:00:00,Estado de México,4.1,13,22,4.8
2019-01-01T00:00:00,Estado de México,3,12.4,21.7,4.1
2019-02-01T00:00:00,Estado de México,4.7,14.5,24.4,5.8
2019-03-01T00:00:00,Estado de México,6.1,16.1,26.1,6.7
2019-04-01T00:00:00,Estado de México,7,16.7,26.4,7.3
2019-05-01T00:00:00,Estado de México,9.1,18.4,27.8,33.3
2019-06-01T00:00:00,Estado de México,10.5,17.7,24.8,152
2019-07-01T00:00:00,Estado de México,9.6,16.5,23.4,181.9
2019-08-01T00:00:00,Estado de México,9.5,16.4,23.3,138.5
2019-09-01T00:00:00,Estado de México,9.1,15.8,22.4,140.1
2019-10-01T00:00:00,Estado de México,9.1,15.6,22.1,133.4
2019-11-01T00:00:00,Estado de México,7.4,14.6,21.7,33.5
2019-12-01T00:00:00,Estado de México,4,12.3,20.7,1
2020-01-01T00:00:00,Estado de México,3.1,11.8,20.4,7.8
2020-02-01T00:00:00,Estado de México,5,14,23.1,8
2020-03-01T00:00:00,Estado de México,6.6,16.3,25.9,16.2
2020-04-01T00:00:00,Estado de México,8.9,17.6,26.2,29.3
2020-05-01T00:00:00,Estado de México,8.4,16.8,25.2,26.6
2020-06-01T00:00:00,Estado de México,9.4,16.8,24.2,115.6
2020-07-01T00:00:00,Estado de México,9.8,16.6,23.3,184.2
2020-08-01T00:00:00,Estado de México,9.9,16,22.2,184.5
2020-09-01T00:00:00,Estado de México,9.5,15.6,21.7,150.6
2020-10-01T00:00:00,Estado de México,5.4,14,22.6,29.2
2020-11-01T00:00:00,Estado de México,4.4,13.2,22,3.5
2020-12-01T00:00:00,Estado de México,4.7,12.8,20.9,3.3
2021-01-01T00:00:00,Estado de México,3.4,12.4,21.4,4.1
2021-02-01T00:00:00,Estado de México,3.1,13.2,23.3,0.5
2021-03-01T00:00:00,Estado de México,6.3,16.2,26,9.9
2021-04-01T00:00:00,Estado de México,7.6,16.9,26.3,18.3
2021-05-01T00:00:00,Estado de México,9.2,17.1,25,78.7
2021-06-01T00:00:00,Estado de México,10,16.1,22.2,190.3
2021-07-01T00:00:00,Estado de México,9.3,15.8,22.3,164.1
2021-08-01T00:00:00,Estado de México,9.5,15.8,22.1,179.8
2021-09-01T00:00:00,Estado de México,9.6,15.5,21.5,213.6
2021-10-01T00:00:00,Estado de México,8.5,15.4,22.4,68.5
2021-11-01T00:00:00,Estado de México,4.7,12.9,21,4.5
2021-12-01T00:00:00,Estado de México,4.6,13.3,22,1.5
2022-01-01T00:00:00,Estado de México,3.6,12.3,21,11.6
2022-02-01T00:00:00,Estado de México,4.2,13.1,22,3.3
2022-03-01T00:00:00,Estado de México,5.6,15.1,24.6,5
2022-04-01T00:00:00,Estado de México,8.1,16.7,25.4,36.1
2022-05-01T00:00:00,Estado de México,9,17.9,26.8,39
2022-06-01T00:00:00,Estado de México,9.6,16.4,23.2,154.1
2022-07-01T00:00:00,Estado de México,10,16.6,23.2,178.2
2022-08-01T00:00:00,Estado de México,9.8,16.1,22.3,173.7
2022-09-01T00:00:00,Estado de México,10.1,15.9,21.7,150.5
2022-10-01T00:00:00,Estado de México,8.5,15.4,22.4,69
2022-11-01T00:00:00,Estado de México,7.1,14.7,22.3,23.2
2022-12-01T00:00:00,Estado de México,5.5,13.1,20.7,5.6
2023-01-01T00:00:00,Estado de México,3.1,12.2,21.3,0.7
2023-02-01T00:00:00,Estado de México,3.9,13.4,22.8,1.1
2023-03-01T00:00:00,Estado de México,6.6,15.7,24.9,17.6
2023-04-01T00:00:00,Estado de México,8.2,16.5,24.8,18.7
2023-05-01T00:00:00,Estado de México,9.5,17.6,25.7,80.2
2023-06-01T00:00:00,Estado de México,9.8,18.4,26.9,35.6
2023-07-01T00:00:00,Estado de México,10.2,16.9,23.5,190.2
2023-08-01T00:00:00,Estado de México,10.1,16.5,22.8,169.3
2023-09-01T00:00:00,Estado de México,9.4,16.6,23.7,75.5
2023-10-01T00:00:00,Estado de México,9.2,15.8,22.4,110
2023-11-01T00:00:00,Estado de México,6.9,14.5,22.1,77.5
2023-12-01T00:00:00,Estado de México,5.4,12.1,18.7,15.2
2024-01-01T00:00:00,Estado de México,4.4,12.9,21.4,2.1
2024-02-01T00:00:00,Estado de México,4.1,13.9,23.6,20.6
2024-03-01T00:00:00,Estado de México,6.4,16.4,26.5,0.1
2024-04-01T00:00:00,Estado de México,8.9,17.7,26.6,8.8
2024-05-01T00:00:00,Estado de México,11.6,20.5,29.5,25.3
2024-06-01T00:00:00,Estado de México,11.4,18.3,25.3,160.3
2024-07-01T00:00:00,Estado de México,11,16.8,22.5,267.3
2024-08-01T00:00:00,Estado de México,10.6,16.7,22.7,258.8
2024-09-01T00:00:00,Estado de México,11.4,16.8,22.3,232.8
2024-10-01T00:00:00,Estado de México,7.8,14.5,21.2,54.6
2024-11-01T00:00:00,Estado de México,5.2,13.9,22.6,13.1
2024-12-01T00:00:00,Estado de México,4.7,13.1,21.5,3.2
2025-01-01T00:00:00,Estado de México,4.9,13.1,21.3,30.5
2025-02-01T00:00:00,Estado de México,6,14.5,22.9,19.3
2025-03-01T00:00:00,Estado de México,6.8,16.3,25.7,2.7
2025-04-01T00:00:00,Estado de México,7,16.6,26.2,4.6
2025-05-01T00:00:00,Estado de México,10.7,18.5,26.4,110
2025-06-01T00:00:00,Estado de México,11.6,17,22.3,259.1
2025-07-01T00:00:00,Estado de México,10.2,16.4,22.6,152.9
2025-08-01T00:00:00,Estado de México,10.6,16.8,23.1,189.7
2025-09-01T00:00:00,Estado de México,11,17.1,23.1,200.4
